University Name,Location,Official Email (Domain),Domains of Research & Specialisation,Successful Researches / Output (Est.)
Central University of Jharkhand (CUJ),Ranchi,info@cuj.ac.in,"Environment, Water Management, Renewable Energy, Nanoscience, Tribal & Customary Law","High: 1,200+ indexed publications; significant DST/SERB funding"
Birsa Agricultural University,Ranchi,registrar@bauranchi.ac.in,"AgriTech, BioTech, Rural Livelihoods, Crop Genetics, Soil Science","High: 1,000+ research papers, 10,000+ citations, ICAR projects"
Ranchi University,Ranchi,registrar@ranchiuniversity.ac.in,"Public Administration, Rural Livelihoods, Tribal Languages, Anthropology","High: 1,500+ PhD theses on Shodhganga; leading ethnography repository"
Vinoba Bhave University,Hazaribagh,registrar@vbu.ac.in,"Environment, Rural Livelihoods, Applied Sciences, Regional Economics",Moderate: 300+ indexed papers; consistent socio-economic studies
National University of Study and Research in Law (NUSRL),Ranchi,contact@nusrlranchi.ac.in,"Public Administration, Accessibility (Legal Aid & Rights), Intellectual Property, Cyber Law","Specialized: 100+ policy papers, judicial reviews"
Kolhan University,Chaibasa,registrar@kolhanuniversity.ac.in,"Environment, Rural Livelihoods, Mining Geology, Tribal Culture",Moderate: Regional tribal welfare projects and geoscientific docs
Binod Bihari Mahto Koyalanchal University,Dhanbad,registrar@bbmku.ac.in,"Environment, Sanitation (Industrial Waste), Coal Mining Ecosystems",Growing: Emerging research on coalfield environmental remediation
Sido Kanhu Murmu University,Dumka,registrar@skmu.ac.in,"Rural Livelihoods, Environment, Santhali Literature, Tribal Anthropology",Moderate: Extensive catalog of Santhal Pargana tribal studies
Dr. Shyama Prasad Mukherjee University,Ranchi,registrar@dspmuranchi.ac.in,"EdTech, Environment, Information Technology, Applied Ecology",Growing: Expanding science and applied IT publication records
Jharkhand Raksha Shakti University,Ranchi,info@jrsuranchi.com,"Public Administration, Cyber Security, Criminology, Forensic Science",Specialized: Security frameworks for state agencies
Nilamber-Pitamber University,Palamu,registrar@npu.ac.in,"Public Administration, Rural Livelihoods, Regional Geography",Moderate: Regional development surveys and socioeconomic theses
Jharkhand University of Technology,Ranchi,info@jutranchi.ac.in,"Urban Infrastructure, Water Management, Applied Engineering",Emerging: Apex body coordinating technical research
Amity University Jharkhand,Ranchi,info@rnc.amity.edu,"BioTech, EdTech, Computer Science, Mass Communication",Growing: 200+ Scopus-indexed papers in computational science
"ICFAI University, Jharkhand",Ranchi,info@iujharkhand.edu.in,"EdTech, Public Administration, Artificial Intelligence, Mining, Business","Growing: Active publications in business analytics, AI, and law"
Jharkhand Rai University,Ranchi,info@jru.edu.in,"AgriTech, Rural Livelihoods, Mining Engineering, Agriculture","Moderate: Agronomy trials, local farming models, mining safety"
Usha Martin University,Ranchi,info@umu.ac.in,"HealthTech, AgriTech, Physiotherapy, Nursing, Data Science",Growing: Expanding applied clinical and computing papers
Arka Jain University,Jamshedpur,info@arkajainuniversity.ac.in,"HealthTech, EdTech, Optometry, Pharmacy, Business Analytics",Growing: Regular output in clinical pharmacy and management
Ramchandra Chandravanshi University,Palamu,info@rcu.edu.in,"Public Health, HealthTech, Medical Sciences, Pharmacy, Nursing","Specialized: Regional clinical studies, rural epidemiological surveys"
Sarla Birla University,Ranchi,info@sbu.ac.in,"HealthTech (Integrative Therapy), EdTech, Applied Sciences, Yoga",Emerging: Early-stage publications in engineering and holistic health
Jamshedpur Women's University,Jamshedpur,info@jwu.ac.in,"Accessibility, Public Health, Women's Studies, Clinical Nutrition",Nascent: Maternal/child nutrition and gender studies
Pandit Raghunath Murmu Tribal University,Jamshedpur,info@prmtu.ac.in,"Accessibility, Rural Livelihoods, Tribal Epistemology",Nascent: Foundational stage for indigenous archival research
Jharkhand State Open University,Ranchi,info@jsou.ac.in,"EdTech, Accessibility, Distance Education, Lifelong Learning",N/A: Dedicated open-pedagogy focus with minimal lab R&D
Azim Premji University,Ranchi,outreach@apu.edu.in,"Public Administration, Rural Livelihoods, EdTech, Social Policy","Specialized: High-impact field studies, social audits, monographs"
AISECT University,Hazaribagh,info@aisectuniversityjharkhand.ac.in,"EdTech, Rural Livelihoods, Skill Development, Vocational Informatics",Nascent: Focused primarily on grassroots skill frameworks
Netaji Subhas University,Jamshedpur,info@nsuniv.ac.in,"EdTech, Business Management, Information Technology",Emerging: Institutional management papers and pedagogical projects
Pragyan International University,Ranchi,info@pragyanuniversity.edu.in,"Public Health, Alternative Medicine, Wellness Sciences, Holistic Therapy",Niche: Qualitative projects in non-allopathic wellness
Radha Govind University,Ramgarh,info@rgu.ac.in,"Rural Livelihoods, EdTech, Education, Humanities, Basic Sciences",Nascent: Teaching-centric with localized Ph.D. dissertations
RKDF University,Ranchi,info@rkdfuniversity.org,"HealthTech, Public Health, Pharmaceutical Chemistry, Engineering",Emerging: Baseline pharmaceutical formulations and engineering
Sai Nath University,Ranchi,info@sainathuniversity.com,"AgriTech, Rural Livelihoods, Agriculture, Law, Physical Education",Nascent: Focuses primarily on applied agricultural curriculum and law
YBN University,Ranchi,info@ybnuniversity.in,"Public Health, HealthTech, Paramedical Sciences, Nursing",Nascent: Hospital-affiliated paramedical case studies
Srinath / Sri Nath University,Jamshedpur,info@srinathuniversity.in,"EdTech, Rural Livelihoods, Teacher Education, Commerce",Nascent: Primary concentration on instructional design
Sona Devi University,Ghatsila,info@sonadeviuniversity.com,"Rural Livelihoods, EdTech, Multidisciplinary Arts & Sciences",Nascent: Early operational phase; regional academic projects
Babu Dinesh Singh University,Garhwa,info@bdsu.ac.in,"Public Administration, Rural Livelihoods, Arts, Sciences",Nascent: Early development; community-centered baseline surveys
Capital University,Koderma,info@capitaluniversity.edu.in,"Urban Infrastructure, EdTech, Applied Engineering, Management",Nascent: Applied course projects and regional development surveys